<?xml version="1.0" encoding="UTF-8" standalone="yes"?>
<addon id="plugin.video.atto.series" name="[B][COLOR black]_[COLOR aqua]ATTO[COLOR white] - [COLOR pink]SERIES![/COLOR][/B]" version="2.3" provider-name="[COLOR aqua]Team ATTO[/COLOR]">
    <requires>
        <import addon="xbmc.python" version="2.1.0" />
        <import addon="script.module.t0mm0.common" version="2.1.1" />
        <import addon="script.module.beautifulsoup" version="3.2.1" />
        <import addon="script.module.simple.downloader" version="1.9.5" />
        <import addon="script.module.beautifulsoup4" />
        <import addon="script.module.simple.downloader" version="1.9.5" />
        <import addon="script.module.requests" />
        <import addon="script.module.httplib2" />
        <import addon="script.module.youtube.dl" optional="true" />
        <import addon="plugin.video.youtube" version="5.3.12" />
        <import addon="script.module.urlresolver" />
        <import addon="script.module.simplejson" />
        <import addon="script.common.plugin.cache" version="2.5.5" />
        <import addon="script.module.metahandler" version="2.9.0" />
        <import addon="repository.atto.team2.repository" optional="false" />
    </requires>
    <extension point="xbmc.python.pluginsource" library="default.py">
        <provides>video</provides>
    </extension>
    <extension point="xbmc.addon.metadata">
        <summary lang="en">[COLOR aqua]A lista mais completa da série de TV em um só lugar.[/COLOR]</summary>
        <description lang="en">[COLOR blue]Atto.TV[COLOR aqua], Oferece uma das listas mais completas de série. Atualmente ele contém mais de 100 séries, carregado com todas as temporadas, dubladas e legendadas, com uma qualidade de vídeo de 1080p - 720p[/COLOR]</description>
        <disclaimer lang="en">[COLOR aqua]O autor não hospedar ou distribuir qualquer conteúdo exibido por este complemento.[COLOR blue][B] Atto.TV [/B][/COLOR]tem nenhuma afiliação com o provedor de conteúdo.[COLOR blue][B] Atto.TV [/B][/COLOR]somente é responsável por coletar
            os melhores series da Internet, categorização e otimizá-los, de modo a que esta ao alcance de seus clientes. tão fácil e descomplicada.[/COLOR]</disclaimer>
        <website>http://atto.tv/</website>
        <forum>https://atto.tv/forum</forum>
        <license>http://www.gnu.org/licenses/</license>
        <platform>all</platform>
        <assets>
            <icon>icon.png</icon>
            <fanart>fanart.jpg</fanart>
        </assets>
    </extension>
</addon>