<?xml version="1.0" encoding="UTF-8" standalone="yes"?>
<addon id="plugin.video.liquid"
       name="[COLOR white][B][COLOR blue] LIQUID TV [/COLOR][/B][/COLOR]"
       version="0.6.0"
       provider-name="MatheuZ e Bruno Santos">
  <requires>
    <import addon="xbmc.python" version="2.1.0"/>
	<import addon="script.module.t0mm0.common" version="2.0.0"/>
    <import addon="script.module.beautifulsoup" version="3.2.1"/>
    <import addon="script.module.simple.downloader" version="0.9.4"/>
    <import addon="script.module.beautifulsoup4" />
    <import addon="script.module.simple.downloader" version="0.9.4"/>
    <import addon="script.module.requests" />
    <import addon="script.module.httplib2" />
    <import addon="script.module.youtube.dl" optional="true"/>
    <import addon="plugin.video.youtube" version="3.0.0"/>
    <import addon="script.module.urlresolver" optional="true"/>
    <import addon="script.module.simplejson" /> 
    <import addon="script.common.plugin.cache" version="2.5.2"/>
    <import addon="script.module.metahandler" version="2.5.1"/>

  </requires>
  <extension point="xbmc.python.pluginsource" library="default.py">
    <provides>video</provides>
  </extension>
  <extension point="xbmc.addon.metadata">
    <summary lang="en">[COLOR yellow]LIQUID TV[/COLOR]</summary>
    <description lang="en">
        [COLOR red][B] ∆ PROIBIDO A VENDA DESTE ADDON ∆ [/B][/COLOR]

[COLOR white][B]ATENCÃO:[/B][/COLOR] Este addon é apenas um agregador de links de transmissão publicas feitas por terceiros. Não hospedamos nem temos ligaçãoo com nenhum desses conteúdos. A estabilidade 100% dos canais nãoo é garantida. Fique atento a atualizações futuras.

Requer o addon [COLOR yellow]GDrive[/COLOR] para funcionar Os Filmes Dublados.</description>
    <platform>all</platform>
  </extension>
</addon>
