﻿<?xml version="1.0" encoding="UTF-8" standalone="yes"?>
<addon id="repo.adritecnews" name="[COLOR palegreen][B]UFAAAA [/B][/COLOR][COLOR dodgerblue][B]Adritec[/B][/COLOR][COLOR red][B]News[/B][/COLOR]" version="1.0.1" provider-name="[COLOR dodgerblue][B]Adritec[/B][/COLOR][COLOR red][B]News[/B][/COLOR]">
<requires>
    <import addon="xbmc.python" version="2.1.0"/>
    <import addon="script.module.beautifulsoup" version="3.2.1"/>
    <import addon="script.module.simple.downloader" version="0.9.4"/>
    <import addon="script.module.t0mm0.common" version="2.0.0"/>
    <import addon="script.module.beautifulsoup4" />
    <import addon="script.module.requests" />
    <import addon="script.module.httplib2" />
    <import addon="script.module.simple.downloader" version="0.9.4"/>    
    <import addon="script.module.urlresolver" />
    <import addon="script.module.simplejson" />    
    <import addon="script.module.livestreamer"/>
    <import addon="script.module.pyamf"/>
    <import addon="script.common.plugin.cache" version="2.5.2"/>
    <import addon="script.module.metahandler" version="2.5.1"/>
	<import addon="script.module.addon.common" />
	<import addon="script.module.addon.signals" version="0.0.1"/>	
</requires>
	<extension point="xbmc.addon.repository" name="[COLOR dodgerblue][B]Adritec[/B][/COLOR][COLOR red][B]News[/B][/COLOR]">
		<info compressed="false">http://raw.github.com/adritecnews/complementos/adritec/repo.adritecnews/addons.xml</info>
		<checksum>http://raw.github.com/adritecnews/complementos/adritec/addons.xml.md5</checksum>
		<datadir zip="true">http://raw.github.com/adritecnews/complementos/adritec</datadir>
	</extension>
    <extension point="xbmc.addon.metadata">
        <summary lang="en"></summary>
        <description lang="en">[COLOR white][B]Bem vindo ao [COLOR palegreen][B]Repositóriorio [/B][/COLOR][COLOR dodgerblue][B]Adritec[/B][/COLOR][COLOR red][B]News[/B][/COLOR], [B]uma forma de instalação de add-on (s) retirados da internet.[/B] [/COLOR][COLOR white][B]Excelente ferramenta e eficaz, ao adicionar uma nova versão do add-on, será capaz de atualizar automaticamente, caso necessário.[/B].[/COLOR] [COLOR white][B]*NOSSO CANAL: [B][COLOR dodgerblue]Pesquize no [COLOR white][/B][COLOR red][B]YouTube [/B][/COLOR] [B]por: [/B][COLOR dodgerblue][B]Adritec[/B][/COLOR][COLOR red][B] News[/B][/COLOR][COLOR white][B] *COLABORE: [/B][/COLOR][COLOR gold][B]https://apoia.se/adritecnews[/B][/COLOR] </description>  
	    <disclaimer lang="en">[COLOR orangered][B]ATENÇÃO[/B]:[/COLOR][COLOR lawngreen] [B]"PROIBIDA COPIA E INFORMAÇÕES CONTIDOS NESSE SCRIPT (ADD-ON) SEM MINHA ALTORIZAÇÃO"[/B][/COLOR] [COLOR ][COLOR orangered][B]REGISTRO:[/COLOR] [COLOR skyblue][B]"SCRIPT REGISTRADO POR QUESTÃO DE DIREITOS AUTORAIS"[/B][/COLOR]</disclaimer>
   	    <license></license>       
        <platform>all</platform>
        <website>http://adritecnews.com</website>
        <source></source>
        <forum></forum>
        <news>
*Este trabalho está licenciado sob uma Licença Creative Commons 
*Atribuição-NãoComercial-SemDerivações 4.0 Internacional. 
*Para ver uma cópia desta licença, 
*visite: http://creativecommons.org/licenses/by-nc-nd/4.0/.</news>
        <assets>
            <icon>images/icon.png</icon>
            <fanart>images/fanart.jpg</fanart>
            <screenshot>resources/print/0.jpg</screenshot>
            <screenshot>resources/print/1.jpg</screenshot>
            <screenshot>resources/print/2.jpg</screenshot>
            <screenshot>resources/print/3.jpg</screenshot>
        </assets>
    </extension>
</addon>