<?xml version="1.0" encoding="UTF-8" standalone="yes"?>
<addon id="plugin.video.OnePlay"
       name="[COLOR aquamarine][B]ONEPLAY[/B][/COLOR]"
       version="2.6"
       provider-name="Equipe OnePlay">
  <requires>
    <import addon="xbmc.python" version="2.1.0"/>
	<import addon="script.module.t0mm0.common" version="2.0.0"/>
    <import addon="script.module.beautifulsoup" version="3.2.1"/>
    <import addon="script.module.simple.downloader" version="0.9.4"/>
    <import addon="script.module.beautifulsoup4" />
    <import addon="script.module.simple.downloader" version="0.9.4"/>
    <import addon="script.module.requests" />
    <import addon="script.module.httplib2" />
    <import addon="script.module.youtube.dl" optional="true"/>
    <import addon="plugin.video.youtube" version="6.1.0"/>
    <import addon="script.module.urlresolver" optional="true"/>
    <import addon="script.module.simplejson" /> 
    <import addon="script.common.plugin.cache" version="2.5.2"/>
    <import addon="script.module.metahandler" version="2.5.1"/>
  </requires>
  <extension point="xbmc.python.pluginsource" library="basedem.py">
    <provides>video</provides>
  </extension>
  <extension point="xbmc.addon.metadata">
    <summary lang="en">[COLOR aquamarine]OnePlay[/COLOR] é apenas um AGREGADOR de links, Apenas agrega e organiza os links externos.</summary>
    <description lang="en">[B][COLOR white]TV, Filmes, Series, Desenhos, Animes, Novelas e Muito Mais.[/COLOR][/B]</description>
	<news>[COLOR aquamarine]Atualização v2.1.0[/COLOR]: BEM VINDO AO ONEPLAY-HD.
[COLOR aquamarine]Atualização v2.2.1[/COLOR]: ATUALIZAÇÃO DE PLUGINS E IMAGENS.
[COLOR aquamarine]Atualização v2.3.0[/COLOR]: ATUALIZAÇÃO PARA MELHORIAS E ESTABILIDADE.
[COLOR aquamarine]Atualização v2.5.0[/COLOR]: MUDANÇA DE SERVIDOR, MAIS SEGURANÇA E FACILIDADE PARA A EQUIPE ONEPLAY.
[COLOR aquamarine]Atualização v2.5.1[/COLOR]: ATUALIZAÇÃO DO SERVIDOR.
[COLOR aquamarine]Atualização v2.6.0[/COLOR]: ATUALIZAÇÃO DO SERVIDOR E NOVAS IMAGENS.</news>
    <platform>all</platform>
	<assets>
<icon>icon.png</icon>
<fanart>fanart.jpg</fanart>
<screenshot>resources/screenshots/1.jpeg</screenshot>
<screenshot>resources/screenshots/2.jpeg</screenshot>
<screenshot>resources/screenshots/3.jpeg</screenshot>
</assets>
  </extension>
</addon>
