﻿<?xml version="1.0" encoding="UTF-8" standalone="yes"?>
<addon id="repositorio.adritecnews" name="[COLOR palegreen][B]UFAAAA [/B][/COLOR][COLOR dodgerblue][B]Adritec[/B][/COLOR][COLOR red][B]News[/B][/COLOR]" version="1.1" provider-name="[COLOR dodgerblue][B]Adritec[/B][/COLOR][COLOR red][B]News[/B][/COLOR]">
	<extension point="xbmc.addon.repository" name="[COLOR dodgerblue][B]Adritec[/B][/COLOR][COLOR red][B]News[/B][/COLOR]">
		<info compressed="false">http://raw.github.com/adritecnews/complementos/addons.xml</info>
		<checksum>http://raw.github.com/adritecnews/complementos/addons.xml.md5</checksum>
		<datadir zip="true">http://raw.github.com/adritecnews/complementos/</datadir>
	</extension>
    <extension point="xbmc.addon.metadata">
        <summary lang="en"></summary>
        <description lang="en">[COLOR white][B]Bem vindo ao [COLOR palegreen][B]Repositóriorio [/B][/COLOR][COLOR dodgerblue][B]Adritec[/B][/COLOR][COLOR red][B]News[/B][/COLOR], [B]uma forma de instalação de add-on (s) retirados da internet.[/B] [/COLOR][COLOR white][B]Excelente ferramenta e eficaz, ao adicionar uma nova versão do add-on, será capaz de atualizar automaticamente, caso necessário.[/B].[/COLOR] [COLOR white][B]*NOSSO CANAL: [B][COLOR dodgerblue]Pesquize no [COLOR white][/B][COLOR red][B]YouTube [/B][/COLOR] [B]por: [/B][COLOR dodgerblue][B]Adritec[/B][/COLOR][COLOR red][B] News[/B][/COLOR][COLOR white][B] *COLABORE: [/B][/COLOR][COLOR gold][B]https://apoia.se/adritecnews[/B][/COLOR] </description>  
	    <disclaimer lang="en">[COLOR orangered][B]ATENÇÃO[/B]:[/COLOR][COLOR lawngreen] [B]"PROIBIDA COPIA E INFORMAÇÕES CONTIDOS NESSE SCRIPT (ADD-ON) SEM MINHA ALTORIZAÇÃO"[/B][/COLOR] [COLOR ][COLOR orangered][B]REGISTRO:[/COLOR] [COLOR skyblue][B]"SCRIPT REGISTRADO POR QUESTÃO DE DIREITOS AUTORAIS"[/B][/COLOR]</disclaimer>
   	    <license></license>       
        <platform>all</platform>
        <website>http://adritecnews.com</website>
        <source></source>
        <forum></forum>
        <news>
*Este trabalho está licenciado sob uma Licença Creative Commons 
*Atribuição-NãoComercial-SemDerivações 4.0 Internacional. 
*Para ver uma cópia desta licença, 
*visite: http://creativecommons.org/licenses/by-nc-nd/4.0/.</news>
        <assets>
            <icon>images/icon.png</icon>
            <fanart>images/fanart.jpg</fanart>
            <screenshot>resources/print/0.jpg</screenshot>
            <screenshot>resources/print/1.jpg</screenshot>
            <screenshot>resources/print/2.jpg</screenshot>
            <screenshot>resources/print/3.jpg</screenshot>
        </assets>
    </extension>
</addon>