<?xml version="1.0" encoding="UTF-8" standalone="yes"?>
<addon id="plugin.video.atto.torrents" name="[B][COLOR black]_[COLOR aqua]ATTO[COLOR white] - [/COLOR][COLOR lime]TORRENTS![/COLOR][/B]" version="1.4" provider-name="[COLOR lime]Team - ATTO[/COLOR]">
    <requires>
        <import addon="xbmc.python" version="2.1.0" />
        <import addon="repository.atto.team2.repository" optional="false" />
    </requires>
    <extension point="xbmc.python.pluginsource" library="addon.py">
        <provides>video</provides>
    </extension>
    <extension point="xbmc.addon.metadata">
        <summary lang="en">[COLOR lime]Filmes Torrent - Series Torrent - [COLOR gold] (Dual-Audio) 1080P - 720P[/COLOR]</summary>
        <description lang="en">[COLOR gold][B]ATTO[COLOR white] - [/COLOR]TORRENTS![/B][/COLOR][COLOR lime], oferece Filmes y Series, de qualidade 4K, H265 - 7.1, H264 - 5.1, 3D, 1080P e 720P y WEB-RIP, disponíveis para download via torrent, links totalmente funcionais e constantemente
            atualizados.[/COLOR],</description>
        <disclaimer lang="en">[COLOR blue][B] Atto.TV[/B][/COLOR][COLOR lime], nao tem nenhuma afiliação com o provedor de conteúdo.[COLOR blue][B] Atto.TV [/B][/COLOR]Os creditos para a pagina: http://www.megatorrentshd.com[/COLOR]</disclaimer>
        <website>http://atto.tv/</website>
        <forum>https://atto.tv/forum</forum>
        <license>GNU GENERAL PUBLIC LICENSE. Version 3.</license>
        <platform>all</platform>
    </extension>
</addon>