<?xml version="1.0" encoding="UTF-8" standalone="yes"?>
<addon id="plugin.video.playlistLoaderBR" name="PlaylistLoader [COLOR lime][B]B[/B][/COLOR][COLOR yellow][B]R[/B][/COLOR]" version="1.4.00" provider-name="adritecNews/Avigdor and Nux007">
  <requires>
    <import addon="xbmc.python" version="2.1.0"/>
    <import addon="script.module.requests" version="2.9.1"/>
  </requires>
  <extension point="xbmc.python.pluginsource" library="default.py">
        <provides>video</provides>
  </extension>
  <extension point="xbmc.addon.metadata">
    <summary lang="en">Playlist Loader</summary>
    <summary lang="he">Playlist Loader</summary>
	<summary lang="pt">PlaylistLoader BR - 1.4.00</summary>
    <description lang="en">Playlist Loader</description>
    <description lang="he">Playlist Loader</description>
    <disclaimer lang="pt">PlaylistLoader [COLOR lime][B]B[/B][/COLOR][COLOR yellow][B]R[/B][/COLOR] - [COLOR dodgerblue][B]Adritec[/B][COLOR red][B]News[/B][/COLOR]</disclaimer>
	<description lang="pt">PlaylistLoader BR - 1.4.00
- MODIFICADO O ADD-ON PARA O IDIOMA PT-BR (BRASIL)+ ART por adritecNews
- MODIFIED ADD-ON FOR LANGUAGE PT-BR (BRAZIL)+ ART by adritecNews</description>
    <platform>all</platform>
			<assets>
            <icon>icon.png</icon>
            <fanart>fanart.jpg</fanart>
            <screenshot>img/1.jpg</screenshot>
            <screenshot>img/2.jpg</screenshot>
            <screenshot>img/3.jpg</screenshot>
	</assets>
	<news>
1.4.00

- MODIFICADO O ADD-ON PARA O IDIOMA PT-BR (BRASIL)+ ART por adritecNews
- MODIFIED ADD-ON FOR LANGUAGE PT-BR (BRAZIL)+ ART by adritecNews	
- AJUSTADO CATEGORIAS
- ADJUSTED CATEGORIES
	
1.3.00
- Added default icons.
- Added transparency to existing icons for better themes integration.
- Added virtual directories feature allowing a better categorization of m3u lists.
- Refresh favourites list when moving an item.
- Ability to move playlists root and directories sides.
- Refresh playlists and directories when moving an item.
- Disabled TvDb and MovieDb for now ( waiting for improvements )

1.2.01
- Taking ownership of the addon, see : https://github.com/avigdork/xbmc-avigdork/pull/8#issuecomment-416955692
- Fixed regex => grouping issue when tvg-logo was empty.
- Added icon image also when items are grouped.
- Regex fix for title containing comas.
- Added TheTvDb scan for each lists in contextual menu ( beta ).

	</news>
  </extension>
</addon>
