﻿<?xml version="1.0" encoding="UTF-8" standalone="yes"?>
<addon id="plugin.video.mangoporn.net" name="mangoporn.net" version="2.0.0" provider-name="Publish3r">
  <requires>
    <import addon="xbmc.python" version="2.1.0"/>
    <import addon="script.module.simplejson"/>
    <import addon="script.module.resolveurl" />
    <import addon="script.common.plugin.cache"/>
    <import addon="script.module.metahandler"/>
    <import addon="script.module.requests" version="2.12.4" />
  </requires>
  <extension point="xbmc.python.pluginsource" library="mangoporn.py">
        <provides>video</provides>
  </extension>
  <extension point="xbmc.addon.metadata">
    <summary lang="en">mangoporn.net</summary>
    <description lang="en">This addon is designed for ADULTS only and may include pictures and materials that some viewers may find offensive. If you are under the age of 18, if such material offends you or if it is illegal to view such material in your country or community please exit the addon.</description>
    <platform>all</platform>
  </extension>
</addon>