﻿<?xml version="1.0" encoding="UTF-8" standalone="yes"?>
<addon id="One.repo" name="[B][COLOR white]Repositorio[/COLOR]: [COLOR aquamarine]OnePlay[/COLOR][/B]" version="1.03" provider-name="Team [COLOR aquamarine]OnePlay[/COLOR]">
	<requires>
    <import addon="xbmc.python" version="2.1.0"/>
    <import addon="script.module.simple.downloader" version="0.9.4"/>
    <import addon="script.module.t0mm0.common" version="2.0.0"/>
    <import addon="script.module.beautifulsoup4" />
    <import addon="script.module.requests" />
    <import addon="script.module.httplib2" />
    <import addon="script.module.simple.downloader" version="0.9.4"/>
    <import addon="script.module.urlresolver" />
    <import addon="script.module.simplejson" />    
    <import addon="script.module.livestreamer"/>
    <import addon="script.module.pyamf"/>
    <import addon="script.common.plugin.cache" version="2.5.2"/>
    <import addon="script.module.metahandler" version="2.5.1"/>
	<import addon="script.module.addon.common" />
	<import addon="script.module.addon.signals" version="0.0.1"/>
	<import addon="script.module.youtube.dl" optional="true"/>
	
  </requires>
  <extension point="xbmc.addon.repository" name="Vikings Repository">
		<info compressed="false">http://raw.githubusercontent.com/OnePlayHD/OneRepo/master/addons.xml</info>
		<checksum>http://raw.githubusercontent.com/OnePlayHD/OneRepo/master/addons.xml.md5</checksum>
		<datadir zip="true">http://raw.githubusercontent.com/OnePlayHD/OneRepo/master/ZipFiles/</datadir>
	</extension>
	<extension point="xbmc.addon.metadata">
		<summary>Repositorio Oficial OnePlay</summary>
		<description>Repositorio oficial OnePlay - Proibido reproducao sem previa autorizacao</description>
		<disclaimer></disclaimer>
		<platform>all</platform>
	</extension>
</addon>