<?xml version="1.0" encoding="UTF-8" standalone="yes"?>
<addon id="plugin.video.braziltv" name="BrazilTV" version="0.9" provider-name="teamBrazilTV">
  <requires>
    <import addon="xbmc.python" version="2.24.0"/>
    <import addon="plugin.video.f4mTester" version="2.7.1"/>
    <import addon="plugin.video.youtube" version="6.2.2"/>
  </requires>
  <extension point="xbmc.python.pluginsource" library="addon.py">
    <provides>video</provides>
  </extension>
  <extension point="xbmc.addon.metadata">
    <summary lang="en">IPTV livre para todos.</summary>
    <description lang="en">[COLOR lightblue]Instale nosso repositório oficial (BrazilTV Repo) para receber atualizações rapidamente![/COLOR]
[COLOR yellow]Requer os addons F4mProxy, f4mTester e YouTube para funcionar.[/COLOR]

[B]ATENÇÃO:[/B] Não hospedamos nem temos ligação com nenhum dos conteúdos deste addon, apenas reunimos links de transmissões públicas feitas por terceiros. A estabilidade 100% dos canais não é garantida, mas estamos trabalhando diariamente para tentar mantê-la. Os dados de EPG também são de disponibilidade pública e encontrados na internet. Todos os programas gravados são retirados dos canais oficiais das emissoras no YouTube, e todo o conteúdo é de responsabilidade das mesmas.</description>
    <assets>
        <icon>icon.png</icon>
        <fanart>fanart.jpg</fanart>
    </assets>
    <website>http://bit.ly/BrazilTVKodi</website>
    <news>[COLOR lime]v0.9 - Implementação da área VIP, melhorias no código/design e correção de bugs.[/COLOR]

[COLOR white][B]Fique atento a atualizações e envie sugestões de funcionalidades na nossa página do Facebook![/B][/COLOR]</news>
  </extension>
</addon>