<?xml version="1.0" encoding="UTF-8" standalone="yes"?>
<addon id="plugin.video.Live.Tv" 
       name="[COLOR orange][B][COLOR lime]Live[/COLOR] TV[/B]" 
       version="1.9" 
       provider-name="Live Tv">
    <requires>
    <import addon="xbmc.python" version="2.1.0"/>
	<import addon="script.module.t0mm0.common" version="2.0.0"/>
    <import addon="script.module.beautifulsoup" version="3.2.1"/>
    <import addon="script.module.simple.downloader" version="0.9.4"/>
    <import addon="script.module.beautifulsoup4"/>
    <import addon="script.module.simple.downloader" version="0.9.4"/>
    <import addon="script.module.requests" />
    <import addon="script.module.httplib2" />
    <import addon="script.module.youtube.dl" optional="true"/>
    <import addon="plugin.video.youtube" version="3.0.0"/>
    <import addon="script.module.urlresolver"/>
    <import addon="script.module.simplejson" /> 
    <import addon="script.common.plugin.cache" version="2.5.2"/>
    <import addon="script.module.metahandler" version="2.5.1"/>
	<import addon="script.module.livestreamer" optional="true"/>
  </requires>
  <extension point="xbmc.python.pluginsource" library="default.py">
        <provides>video</provides>
  </extension>
  <extension point="xbmc.addon.metadata">
    <summary lang="en">FILMES [COLOR lime]|[/COLOR] SÉRIES [COLOR lime]|[/COLOR] ANIMES [COLOR lime]|[/COLOR] FILMES MAIS ESPERADOS [COLOR lime]|[/COLOR] COLETÂNEA [COLOR lime]|[/COLOR] TV AO VIVO</summary>
	
	<description lang="en">[COLOR lime]|[/COLOR] O Live Tv é Responsável Por Todos Os Conteúdos encontrado neste addon[COLOR lime]|[/COLOR]

MELHOR LISTA DE CANAIS VIA INTERNET  [COLOR orange][B][COLOR lime]LIVE[/COLOR] TV[/B]</description>
	<disclaimer lang="en">O autor não é de forma alguma afiliado à Kodi, à Team Kodi ou à XBMC Foundation. Este é um recurso sem fins lucrativos, organizado exclusivamente para fins educacionais e protegido pela doutrina de uso justo da Lei de Direitos Autorais, especificamente a seção 107, que promove a liberdade de expressão, permitindo o uso não licenciado de obras protegidas por direitos autorais.</disclaimer>
    <platform>all</platform>
	<website/>
        <video_guide></video_guide>
        <reuselanguageinvoker>false</reuselanguageinvoker>
      <assets>
      	<icon>icon.png</icon>
    	<fanart>fanart.jpg</fanart>
        <screenshot>resources/screenshots/01.jpg</screenshot>
        <screenshot>resources/screenshots/02.jpg</screenshot>
        <screenshot>resources/screenshots/03.jpg</screenshot>
      </assets>
  </extension>
</addon>