<?xml version="1.0" encoding="UTF-8" standalone="yes"?>
<addon id="plugin.program.ttbuffer17" name="TT Buffer Fix" version="0.8.8" provider-name="TopTutorials">
    <requires>
        <import addon="xbmc.python" version="2.1.0"/>
    </requires>
    <extension point="xbmc.python.pluginsource"	library="default.py">
        <provides>video executable</provides>
    </extension>
    <extension point="xbmc.addon.metadata">
        <platform>all</platform>
        <summary>Create, view, edit and delete your advancedsettings.xml file in a user-friendly gui</summary>
        <description>All settings follow the xbmc.org wiki[CR][CR]With this tool you can create your advanced settings directly from XBMC[CR][CR]If you don't know what a setting does, don't enable it!</description>
        <platform>all</platform>
        <language>en</language>
        <license>GNU GENERAL PUBLIC LICENSE</license>
        <forum></forum>
        <website></website>
        <source></source>
        <email></email>
		<assets>
		   <icon>icon.png</icon>
           <fanart>fanart.jpg</fanart>
		</assets>
    </extension>	
</addon>
