<?xml version="1.0" encoding="UTF-8" standalone="yes"?>
<addon id="plugin.video.liquid" name="[COLOR lightblue][B]LIQUID TV[/B][/COLOR]" version="0.5.0" provider-name="[COLOR orange][B]Bruno Santos[/B][/COLOR]">
  <requires>
    <import addon="xbmc.python" version="2.1.0"/>
    <import addon="script.module.beautifulsoup" version="3.2.1"/>
    <import addon="script.module.simple.downloader" version="0.9.4"/>
    <import addon="script.module.beautifulsoup4"/>
    <import addon="script.module.requests"/>
    <import addon="script.module.httplib2"/>
    <import addon="script.module.youtube.dl" optional="true"/>
    <import addon="plugin.video.youtube"/>
    <import addon="script.module.urlresolver" optional="true"/>
    <import addon="script.module.simplejson"/> 
  </requires>
  <extension point="xbmc.python.pluginsource" library="default.py">
        <provides>video</provides>
  </extension>
  <extension point="xbmc.addon.metadata">
    <summary lang="en">[COLOR yellow]LIQUID TV[/COLOR]</summary>
    <description lang="en">
        [COLOR red][B]∆ PROIBIDO A VENDA DESTE ADDON ∆[/B][/COLOR]
        
[COLOR white][B]ATENÇÃO:[/B][/COLOR] Este addon é apenas um agregador de links de transmissões públicas feitas por terceiros. Não hospedamos nem temos ligação com nenhum desses conteúdos. A estabilidade 100% dos canais não é garantida. Fique atento a atualizações futuras.

Requer o addon [COLOR yellow]GDrive[/COLOR] para funcionar Os Filmes.</description>
    <platform>all</platform>
  </extension>
</addon>
