﻿<?xml version="1.0" encoding="UTF-8" standalone="yes"?>
<addon id="repositorio.adritecnews" name="adritecNews Repositorio" version="1.0.0" provider-name="adritec">
	<extension point="xbmc.addon.repository" name="adritec">
		<info compressed="false">http://raw.github.com/adritecnews/complementos/adritec/addons.xml</info>
		<checksum>http://raw.github.com/adritecnews/complementos/adritec/addons.xml.md5</checksum>
		<datadir zip="true">http://raw.github.com/adritecnews/adritec/complementos/</datadir>
	</extension>
	<extension point="xbmc.addon.metadata">
		<summary></summary>
		<description></description>
		<disclaimer></disclaimer>
		<platform>all</platform>
	</extension>
</addon>