<?xml version="1.0" encoding="UTF-8" standalone="yes"?>
<addon id="script.conectaronline.adritecnews"
  name="[B][COLOR white]CONECTAR[/COLOR][/B] [COLOR skyblue]ONLINE[/COLOR]"
  version="1.0" 
  provider-name="adritecNews">
  <requires>
    <import addon="xbmc.python" version="2.1.0"/>
  </requires>
  <extension point="xbmc.python.script" library="adritec.py">
    <provides>video executable</provides>
  </extension>
  <extension point="xbmc.addon.metadata">
    <platform>all</platform>
    <summary lang="pt">CONECTAR ONLINE</summary>
    <description>[COLOR white][B]Add-on[/B][/COLOR], [COLOR white][B]para[/B][/COLOR] [COLOR white][B]COMUNICAÇÃO ONLINE![/B][/COLOR] [COLOR white][B]Se você usa EXODUS, ou outro add-on quê necessita fazer comunicação ao Servidor, então é esse![/B][/COLOR] [COLOR white][B]*NOSSO CANAL: [B][COLOR dodgerblue]Pesquize no [COLOR white][/B][COLOR red][B]YouTube [/B][/COLOR] [B]por: [/B][COLOR dodgerblue][B]Adritec[/B][/COLOR][COLOR red][B] News[/B][/COLOR][COLOR white][B] *COLABORE: [/B][/COLOR][COLOR gold][B]https://apoia.se/adritecnews[/B][/COLOR]  [COLOR dodgerblue][B]Adritec[/B][/COLOR][COLOR red][B] News[/B][/COLOR]. [COLOR orangered][B]Não sou responsável pelos links dos sites aqui listados (Somente da minha altoria).[/B][/COLOR]</description>
	<disclaimer lang="pt">[COLOR orangered][B]ATENÇÃO[/B]:[/COLOR][COLOR lawngreen] [B]"PROIBIDA COPIA E INFORMAÇÕES CONTIDOS NESSE SCRIPT (ADD-ON) SEM MINHA ALTORIZAÇÃO"[/B][/COLOR] [COLOR ][COLOR orangered][B]REGISTRO:[/COLOR] [COLOR skyblue][B]"SCRIPT REGISTRADO POR QUESTÃO DE DIREITOS AUTORAIS"[/B][/COLOR]</disclaimer>
    <website>http://adritecnews.com</website>
    <news>*Este trabalho está licenciado sob uma Licença Creative Commons 
*Atribuição-NãoComercial-SemDerivações 4.0 Internacional. 
*Para ver uma cópia desta licença, 
*visite: http://creativecommons.org/licenses/by-nc-nd/4.0/.</news>
	<assets>
            <icon>icon.png</icon>
            <fanart>fanart.jpg</fanart>
            <screenshot>art/1.jpg</screenshot>
            <screenshot>art/2.jpg</screenshot>
            <screenshot>art/3.jpg</screenshot>
            <screenshot>art/4.jpg</screenshot>
	</assets>
		<news>-</news>
	</extension>
</addon>