<?xml version="1.0" encoding="UTF-8" standalone="yes"?>
<addon id="plugin.program.aptoideBR" version="24.04.2019" name="[COLOR darkorange]Aptoide[/COLOR] [COLOR dodgerblue][B]Adritec[/B][COLOR red][B]News[/B][/COLOR]" provider-name="adritecNews_aenemapy">
	<requires>
		<import addon="xbmc.python" version="2.19.1" />
		<import addon="script.module.requests" />		
	</requires>
	<extension point="xbmc.python.pluginsource" library="main.py">
		<provides>executable</provides>
	</extension>
	<extension point="xbmc.addon.metadata">
        <description>[COLOR white][B]BAIXAR[/B][/COLOR], [COLOR white][B]BUSCAR[/B][/COLOR] e [COLOR white][B]INSTALAR APLICATIVO[/B][/COLOR] (.[COLOR white][B]apk ANDROID[/B][/COLOR]) [B]direto do site[/B] [COLOR white][B]Aptoide[/B][/COLOR].  [B]Reeditado por mim[/B]: [COLOR dodgerblue][B]Adritec[/B][/COLOR][COLOR red][B] News[/B][/COLOR] [COLOR white][B]*NOSSO CANAL: [B][COLOR dodgerblue]Pesquize no [COLOR white][/B][COLOR red][B]YouTube [/B][/COLOR] [B]por: [/B][COLOR dodgerblue][B]Adritec[/B][/COLOR][COLOR red][B] News[/B][/COLOR][COLOR white][B] *COLABORE: [/B][/COLOR][COLOR gold][B]https://apoia.se/adritecnews[/B][/COLOR]  [COLOR dodgerblue][B]Adritec[/B][/COLOR][COLOR red][B] News[/B][/COLOR]. [COLOR orangered][B]Não sou responsável pelos arquivos (apk) aqui encontrados.[/B][/COLOR]</description>
	    <disclaimer lang="pt">[COLOR darkorange][B]Aptoide[/B][/COLOR] [COLOR dodgerblue][B]Adritec[/B][COLOR red][B]News[/B][/COLOR]</disclaimer>
		<summary lang="pt">Aptoide APK</summary>
		<platform>all</platform>
		<forum></forum>
		<website>http://adritecnews.com</website>
		<source></source>
	<assets>
            <icon>icon.png</icon>
            <fanart>fanart.jpg</fanart>
            <screenshot>art/1.jpg</screenshot>
            <screenshot>art/2.jpg</screenshot>
            <screenshot>art/3.jpg</screenshot>
            <screenshot>art/4.jpg</screenshot>
			<screenshot>art/5.jpg</screenshot>
			<screenshot>art/6.jpg</screenshot>
	</assets>
		<news>
* SCRIPT RECOMPILADO *

- API: https://co.aptoide.com/webservices/docs 
- VERSÃO ORIGINAL DO PROGRAMADOR: aenemapy
- REALIZADO RECOMPILAÇÃO DO SCRIPT e MELHORIAS
  POR: Adritec News.
</news>
	</extension>
</addon>