<?xml version="1.0" encoding="UTF-8" standalone="yes"?>
<addon id="plugin.video.Nordeste.Tv" name="[COLOR yellow][B]Nordes[/COLOR][COLOR green][B]Tv[/B][/COLOR]" version="1.1" provider-name="Luis Carlos e MatheuZ">
  <requires>
    <import addon="xbmc.python" version="2.1.0"/>
    <import addon="script.module.beautifulsoup" version="3.2.1"/>
    <import addon="script.module.simple.downloader" version="0.9.4"/>
    <import addon="script.module.beautifulsoup4"/>
    <import addon="script.module.requests"/>
    <import addon="script.module.httplib2"/>
    <import addon="script.module.youtube.dl" optional="true"/>
    <import addon="plugin.video.youtube"/>
    <import addon="script.module.urlresolver" optional="true"/>
    <import addon="script.module.simplejson"/> 
  </requires>
  <extension point="xbmc.python.pluginsource" library="default.py">
        <provides>video</provides>
  </extension>
  <extension point="xbmc.addon.metadata">
    <summary lang="en">NordesTv</summary>
    <description lang="en">TODO conteúdo que se encontram aqui no site são encontrados na própria internet,apenas estamos disponibilizando de uma maneira mais facil para todos brasileiros</description>
    <platform>all</platform>
  </extension>
</addon>
