<?xml version="1.0" encoding="UTF-8" standalone="yes"?>
<addon id="plugin.video.musicbrazuka" version="1.0.1" name="[B][COLOR green]ROCK/POP/REGGAE/MPB[/B][/COLOR]" provider-name="FOLIVER FOR KODI">
  <requires>
    <import addon="xbmc.python" version="2.1.0"/>
    <import addon="script.module.addon.common" version="2.0.0"/>
    <import addon="plugin.video.youtube" version="5.0.0"/>
  </requires>
	
  <extension point="xbmc.python.pluginsource" library="default.py">
    <provides>video</provides>
  </extension>
	
  <extension point="xbmc.addon.metadata">
    <summary lang="en">Rock Pop Reggae MPB Brazuka</summary>
    <description lang="en">Esse addon contem videos de Rock, Pop, Reggae E MPB Brasileiros ! ! </description>
    <platform>all</platform>
    <forum></forum>
    <website></website>
  </extension>
</addon>
