<?xml version="1.0" encoding="UTF-8" standalone="yes"?>
<addon id="plugin.video.The Pirate Filmes" name="The Pirate Filmes" version="2.0" provider-name="Lojink">
	<requires>
		<import addon="xbmc.python" version="2.1.0"/>
		<import addon="script.module.urlresolver" version="2.10.0"/>
		<import addon="script.module.metahandler" version="2.5.1"/>
	</requires>
    <extension point="xbmc.python.pluginsource" library="default.py">
		<provides>video</provides>
	</extension>
	<extension point="xbmc.addon.metadata">
		<platform>all</platform>
		<summary>The Pirate Filmes</summary>
		<description>The Pirate Filmes</description>
	</extension>
</addon>