<?xml version="1.0" encoding="UTF-8" standalone="yes"?>
<addon id="plugin.video.keltec" version="1.0.4" name="[B][COLORdarkgrey]Kel-Tec[/COLOR][/B]" provider-name="[B][COLORdarkgrey]Smith[/COLOR][/B]">
    <requires>
        <import addon="xbmc.python" version="2.19.0"/>
        <import addon="script.addons.artwork" />
        <import addon="script.module.resolveurl" version="5.0.0"/>
        <import addon="script.module.metahandler" version="2.9.0"/>
        <import addon="script.module.requests" version="2.12.4"/>
        <import addon="script.module.beautifulsoup" version="3.2.1"/>
        <import addon="script.module.schism.common" />
        <import addon="script.module.futures" version="2.2.0"/>
        <import addon="script.module.universalscrapers" version="1.0.0"/>
    </requires>
    <extension point="xbmc.python.pluginsource" library="keltec.py">
        <provides>video</provides>
    </extension>
    <extension point="xbmc.addon.metadata">
        <summary lang="en">Kel-Tec brought to you by Mr. and Mrs. Smith</summary>
        <description>The author is not responsible for the use of this addon. The author is not responsible for the content found using this addon. 
The author does not host or own any content found within this addon.
The author is in no way affiliated with Kodi, Team Kodi, or the XBMC Foundation.
The Search process is the same as a search engine with no data actual hosted by the developer.
This is a Non-profit resource, organized solely for educational purposes which is protected under the Fair-Use doctrine of the Copyright Act, Specifically section 107, which does promote freedom of expression, by permitting the unlicensed use of copyright-protected works.</description>
        <platform>all</platform>
        <news>Kel-Tec Fork.  Many thanks to the original devs</news>
        <assets>
            <icon>icon.png</icon>
            <fanart>fanart.jpg</fanart>
        </assets>
    </extension>
</addon>
