<?xml version="1.0" encoding="UTF-8" standalone="yes"?>
<addon id="plugin.video.atto.torrents"
       name="[B][COLOR black]_[COLOR aqua]ATTO[COLOR white] - [/COLOR][COLOR lime]TORRENTS![/COLOR][/B]"
       version="1.0.3"
       provider-name="[COLOR lime]Team - ATTO[/COLOR]">
  <requires>
    <import addon="xbmc.python" version="2.1.0"/>
	<import addon="script.module.t0mm0.common" version="2.0.0"/>
    <import addon="script.module.beautifulsoup" version="3.2.1"/>
    <import addon="script.module.simple.downloader" version="0.9.4"/>
    <import addon="script.module.beautifulsoup4"/>
    <import addon="script.module.simple.downloader" version="0.9.4"/>
    <import addon="script.module.requests" />
    <import addon="script.module.httplib2" />
    <import addon="script.module.youtube.dl" optional="true"/>
    <import addon="plugin.video.youtube" version="3.0.0"/>
    <import addon="script.module.simplejson" /> 
    <import addon="script.common.plugin.cache" version="2.5.2"/>
    <import addon="script.module.metahandler" version="2.5.1"/>		
  </requires>
  <extension point="xbmc.python.pluginsource" library="default.py">
    <provides>video</provides>
  </extension>
  <extension point="xbmc.addon.metadata">
    <summary lang="en">[COLOR lime]Filmes Torrent - Series Torrent - [COLOR gold] (Dual-Audio) 1080P - 720P[/COLOR]</summary>
    <description lang="en">[COLOR gold][B]ATTO[COLOR white] - [/COLOR]TORRENTS![/B][/COLOR][COLOR lime], oferece Filmes y Series, de qualidade 4K, H265 - 7.1, H264 - 5.1, 3D, 1080P e 720P y WEB-RIP, disponíveis para download via torrent, links totalmente funcionais e constantemente atualizados.[COLOR aqua] Faça o seu pedido!! FILME/SERIE, no grupo Whatsapp. [/COLOR][COLOR gold][B]ATTO[COLOR white] - [/COLOR]TORRENTS![/B][/COLOR], Funciona diretamente com o gerente da torrent [COLOR blue][B]"QUASAR"[/B][/COLOR]</description>
    <disclaimer lang="en">[COLOR aqua]O autor não hospedar ou distribuir qualquer conteúdo exibido por este complemento.[COLOR blue][B] Atto.TV [/B][/COLOR]tem nenhuma afiliação com o provedor de conteúdo.[COLOR blue][B] Atto.TV [/B][/COLOR]somente é responsável por coletar os melhores filmes e series da Internet, categorização e otimizá-los, de modo a que esta ao alcance de seus clientes. tão fácil e descomplicada.[/COLOR]</disclaimer>
    <website>http://atto.tv/</website>
    <forum>https://atto.tv/forum</forum>
    <license>GNU GENERAL PUBLIC LICENSE. Version 3.</license>
    <platform>all</platform>
  </extension>
</addon>
