<?xml version="1.0" encoding="UTF-8" standalone="yes"?>
<addon id="plugin.video.NetCine" name="NetCine" version="18.03.13" provider-name="NetCine">
  <extension point="xbmc.python.pluginsource" library="default.py">
        <provides>video</provides>
  </extension>
  <extension point="xbmc.addon.metadata">
    <summary lang="en">NetCine</summary>
    <description lang="en">Addon modificado do PlaylistLoader 1.2.0 por Avigdor https://github.com/avigdork/xbmc-avigdork. Nao somos responsaveis por colocar o conteudo online, apenas indexamos. Para sugestoes e report de bugs nossa pagina no FB: [COLOR blue]http://fb.com/NetCineKodi[/COLOR]</description>
    <platform>all</platform>
	<news>
	</news>
  </extension>
</addon>
