﻿<window>
    <allowoverlay>yes</allowoverlay> 
    <coordinates>
        <system>1</system>
        <posx>0</posx>
        <posy>0</posy>
    </coordinates>
    <controls>
        <control type="group" id="30200">
            <posx>0</posx> 
            <posy>0</posy>  
            <animation effect="slide" start="0,1080" end="0,480" time="250" tween="quadratic" reversible="true" easing="in" condition="true">WindowOpen</animation>
            <animation effect="slide" start="0,480" end="0,1080" time="250" tween="quadratic" reversible="true" easing="in" condition="true">WindowClose</animation>
            <control type="grouplist">
                <posx>0</posx> 
                <posy>0</posy>  
                <orientation>vertical</orientation>
                <control type="image"> 
                    <posx>0</posx> 
                    <posy>0</posy> 
                    <width>515</width> 
                    <height>325</height> 
                    <texture>info.png</texture>
                    <visible>Control.IsVisible(30201)</visible>
                    <aspectratio scalediffuse="true" align="center" aligny="center">keep</aspectratio>    
                </control> 
                <control type="image" id="30201">
                    <posx>0</posx> 
                    <posy>0</posy> 
                    <width>515</width> 
                    <height>325</height> 
                    <texture></texture>
                    <description>adritecV</description>
                    <visible>Control.IsVisible(30200)</visible>
                    <aspectratio scalediffuse="true" align="center" aligny="center">keep</aspectratio>    
                </control>   
            </control>
            <control type="label">
                <posx>15</posx> 
                <posy>-100</posy> 
                <width>490</width> 
                <height max="320">auto</height>
                <label>[B]$INFO[Window(10000).Property(script.adritecnewsfeednews.update)][/B]</label>
                <font>font11</font>
                <align>center</align>
                <aligny>center</aligny>
                <textcolor>gold</textcolor>
                <shadowcolor>black</shadowcolor> 
                <wrapmultiline>false</wrapmultiline>  
                <visible>Control.IsVisible(30200)</visible>
            </control>
            <control type="textbox">
                <posx>70</posx> 
                <posy>100</posy> 
                <width>395</width> 
                <height max="130">auto</height>
                <label>[I]$INFO[Window(10000).Property(script.adritecnewsfeednews.titulo)][/I]</label>
                <font>font11</font>
                <align>left</align>
                <aligny>top</aligny>
                <textcolor>white</textcolor>
                <shadowcolor>black</shadowcolor> 
                <wrapmultiline>true</wrapmultiline>  
                <scrolltime>100</scrolltime>
                <autoscroll delay="3000" time="1000" repeat="1000">Control.IsVisible(30200)</autoscroll>
                <visible>Control.IsVisible(30200)</visible>
            </control>
        </control>
        <control type="group" id="30300">
            <posx>0</posx> 
            <posy>0</posy>  
            <animation effect="slide" start="0,1080" end="0,480" time="250" tween="quadratic" reversible="true" easing="in" condition="true">WindowOpen</animation>
            <animation effect="slide" start="0,480" end="0,1080" time="250" tween="quadratic" reversible="true" easing="in" condition="true">WindowClose</animation>
            <control type="grouplist">
                <posx>0</posx> 
                <posy>0</posy>  
                <orientation>vertical</orientation>
                <control type="image"> 
                    <posx>0</posx> 
                    <posy>0</posy> 
                    <width>515</width> 
                    <height>325</height> 
                    <texture>info.png</texture>
                    <visible>Control.IsVisible(30300)</visible>
                    <aspectratio scalediffuse="true" align="center" aligny="center">keep</aspectratio>    
                </control> 
                <control type="image" id="30301">
                    <posx>0</posx> 
                    <posy>0</posy> 
                    <width>515</width> 
                    <height>325</height> 
                    <texture></texture>
                    <description>adritecV</description>
                    <visible>Control.IsVisible(30300)</visible>
                    <aspectratio scalediffuse="true" align="center" aligny="center">keep</aspectratio>    
                </control>   
            </control>
            <control type="label">
                <posx>15</posx> 
                <posy>-100</posy> 
                <width>490</width> 
                <height max="320">auto</height>
                <label>[B]$INFO[Window(10000).Property(script.adritecnewsfeednews.update)][/B]</label>
                <font>font11</font>
                <align>center</align>
                <aligny>center</aligny> 
                <textcolor>gold</textcolor>
                <shadowcolor>black</shadowcolor> 
                <wrapmultiline>false</wrapmultiline>  
                <visible>Control.IsVisible(30300)</visible>
            </control>
            <control type="textbox">
                <posx>70</posx> 
                <posy>100</posy> 
                <width>395</width> 
                <height max="130">auto</height>
                <label>[I]$INFO[Window(10000).Property(script.adritecnewsfeednews.titulo)][/I]</label>
                <font>font11</font>
                <align>left</align>
                <aligny>top</aligny>
                <textcolor>white</textcolor>
                <shadowcolor>black</shadowcolor> 
                <wrapmultiline>true</wrapmultiline>  
                <scrolltime>100</scrolltime>
                <autoscroll delay="3000" time="1000" repeat="1000">Control.IsVisible(30300)</autoscroll>
                <visible>Control.IsVisible(30300)</visible>
            </control>
        </control>
    </controls>
</window>