<?xml version="1.0" encoding="UTF-8" standalone="yes"?>
<addon id="plugin.video.backupKodiBR" name="[B][COLOR white]Backup[/COLOR][/B][B][COLOR skyblue]Kodi[/COLOR][/B] [B][COLOR lime]B[/COLOR][/B][B][COLOR yellow]R[/COLOR][/B]" version="1.1.1" provider-name="adritecNews">
  <requires>
	<import addon="xbmc.python" version="2.24.0"/>	
  </requires>
  <extension point="xbmc.python.pluginsource" library="adritec.py">
        <provides>executable</provides>
  </extension>
    <extension point="xbmc.addon.metadata">
	<summary>[COLOR white]Você faz AJUSTES, instala ART Exclusiva, e deixa seu Kodi como NOVO! Poderá instalar os addons do canal.[/COLOR]</summary>
	<description lang="en">[COLOR white][B]Add-on[/B][/COLOR] [COLOR white][B]para[/B][/COLOR] [COLOR white][B]Backup[/B][/COLOR] e [COLOR white][B]Restauração[/B][/COLOR] no seu [COLOR white][B]Kodi[/B]![/COLOR] [COLOR white][B]O mais COMPLETO! Com [COLOR white][B]Backup[/B][/COLOR][COLOR skyblue][B]Kodi[/B][/COLOR] [COLOR lime][B]B[/B][/COLOR][COLOR yellow][B]R[/B][/COLOR] [COLOR white]você faz AJUSTES, instala ART Exclusiva, e deixa seu Kodi como NOVO! Poderá instalar os addons do canal[/COLOR] [COLOR dodgerblue][B]Adritec[/B][/COLOR][COLOR red][B] News[/B][/COLOR][/COLOR] [COLOR white][B]*NOSSO CANAL: [B][COLOR dodgerblue]Pesquize no [COLOR white][/B][COLOR red][B]YouTube [/B][/COLOR] [B]por: [/B][COLOR dodgerblue][B]Adritec[/B][/COLOR][COLOR red][B] News[/B][/COLOR][COLOR white][B] *COLABORE: [/B][/COLOR][COLOR gold][B]https://apoia.se/adritecnews[/B][/COLOR]  [COLOR dodgerblue][B]Adritec[/B][/COLOR][COLOR red][B] News[/B][/COLOR]</description>  
	<disclaimer lang="en">[COLOR orangered][B]ATENÇÃO[/B]:[/COLOR][COLOR lawngreen] [B]"PROIBIDA COPIA E INFORMAÇÕES CONTIDOS NESSE SCRIPT (ADD-ON) SEM MINHA ALTORIZAÇÃO"[/B][/COLOR] [COLOR ][COLOR orangered][B]REGISTRO:[/COLOR] [COLOR skyblue][B]"SCRIPT REGISTRADO POR QUESTÃO DE DIREITOS AUTORAIS"[/B][/COLOR]</disclaimer>
   	<platform>all</platform>
    <website>https://adritecnews.com</website>
    <source></source>
    <forum></forum>
    <news>*Este trabalho está licenciado sob uma Licença Creative Commons 
*Atribuição-NãoComercial-SemDerivações 4.0 Internacional. 
*Para ver uma cópia desta licença, 
*visite: http://creativecommons.org/licenses/by-nc-nd/4.0/.

- CRIADO INFO PARA NÃO TER ERROS NO BACKUP
- CRIADO FUNÇÃO INTERATIVA PARA APAGAR CONFIGURAÇÕES NO KODI
- CRIADO RESTAURAR COM ATIVAÇÃO AUTOMATICA DOS ADDONS/PLUGINS/PROGRAMS
- CRIADO ART NO ADD-ON NAS DEVIDAS CATEGORIAS/SUB-PASTAS
- CRIADO FUNÇÃO MODO AUTOMÁTICO, QUÊ É APLICADO O REPOSITORIO DO INSTALADOR ADRITECNEWS ON E DIVERSOS
- CRIADO CATEGORIA PARA INSTALAR ADDONS DO CANAL ADRITECNEWS E ART
- CRIADO FUNÇÕES EXTRA PARA LIMPEZAS NO KODI
- CRIADO FUNÇÃO PARA REMOVER BACKUP
- OBS: DEVIDO UMA FALHA NO KODI 18.1 COM A PLATAFORMA ANDROID, TERÁ ERROS AO RESTAURAR,
  UMA FALHA DE INTERPRETAÇÃO DO KODI COM O .zipfile - VAMOS AGUARDAR AJUSTES NO KODI.</news>
  <assets>
            <icon>icon.png</icon>
            <fanart>fanart.jpg</fanart>
            <screenshot>resources/prints/print0.jpg</screenshot>
            <screenshot>resources/prints/print1.jpg</screenshot>
            <screenshot>resources/prints/print2.jpg</screenshot>
            <screenshot>resources/prints/print3.jpg</screenshot>
  </assets>
	</extension>
</addon>